variable,count,mean,std,min,25%,50%,75%,max,original
dummy1,1000.0,-0.0005102376420538274,0.013098563164161551,-0.0425740705478467,-0.0091125020908675,-0.00058537674831435,0.008299969414065501,0.0449328632517875,0.0086435923941863
dummy2,1000.0,0.0005068289257748153,0.009742689013617155,-0.0290021747204463,-0.006298878283007775,0.0002195755834364,0.006966080367179775,0.0328672867608386,-0.0186834301169511
x1,1000.0,-0.13269261982243574,3.0358184111649544,-8.781003996573864,-2.1575594945244077,-0.1417419580094625,1.7946611205496488,28.20650647863492,28.20650647863492
x2,1000.0,0.1364294861962996,7.772203963946897,-22.799651925044007,-5.180508291696565,-0.11925084683272,4.997511864599511,75.04913784185072,75.04913784185072
x3,1000.0,-0.0213669950168007,1.9443473906166986,-5.360021984382648,-1.2877177906298165,-0.07442348610121116,1.2278850955215501,17.757532897187524,17.757532897187524
